<?xml version = '1.0' encoding = 'UTF-8'?>
<relationalModel class="oracle.dbtools.crest.model.design.relational.RelationalDesign" name="Relational_1" id="4E4B2F09-46C7-2681-BC9B-34233877A3AF" mainViewID="0B73BFAE-8302-EADE-7331-C90DEB7DB1D4">
<createdBy>juliz</createdBy>
<createdTime>2024-10-15 22:19:30 UTC</createdTime>
<ownerDesignName>Modelos_proyecto2_g7</ownerDesignName>
<shouldBeOpen>true</shouldBeOpen>
<selectedRDBMSSite>32076570-2523-435C-2E92-BF29817DFF70</selectedRDBMSSite>
</relationalModel>