<?xml version = '1.0' encoding = 'UTF-8'?>
<Entity class="oracle.dbtools.crest.model.design.logical.Entity" directorySegmentName="seg_0" id="186E1E7A-2B87-C4B8-320B-F1CCFFF26EB3" name="Mantenimiento">
<createdBy>juliz</createdBy>
<createdTime>2024-10-15 23:05:23 UTC</createdTime>
<ownerDesignName>Modelos_proyecto_g7_v2</ownerDesignName>
<engineerTo>
<item key="4E4B2F09-46C7-2681-BC9B-34233877A3AF" value="true"/>
</engineerTo>
<adequatelyNormalized>NO</adequatelyNormalized>
<expectedVolumes>0</expectedVolumes>
<fwdEngineeringStrategyName>Single Table</fwdEngineeringStrategyName>
<growthPercent>0</growthPercent>
<growthType>Year</growthType>
<maxVolumes>9999999</maxVolumes>
<minVolumes>0</minVolumes>
<normalForm>Third</normalForm>
<attributes itemClass="oracle.dbtools.crest.model.design.logical.Attribute">
<Attribute name="id_mantenimiento" id="0463174C-81C5-C6EC-B0B2-BAE33C4E5C67">
<createdBy>juliz</createdBy>
<createdTime>2024-10-15 23:05:29 UTC</createdTime>
<ownerDesignName>Modelos_proyecto_g7_v2</ownerDesignName>
<engineerTo>
<item key="4E4B2F09-46C7-2681-BC9B-34233877A3AF" value="true"/>
</engineerTo>
<useDomainConstraints>false</useDomainConstraints>
<use>1</use>
<logicalDatatype>LOGDT011</logicalDatatype>
<ownDataTypeParameters>,,</ownDataTypeParameters>
</Attribute>
<Attribute name="fecha_inicio" id="802C9259-AD09-3E2E-011D-1C96AFBA30E0">
<createdBy>juliz</createdBy>
<createdTime>2024-10-15 23:05:43 UTC</createdTime>
<ownerDesignName>Modelos_proyecto_g7_v2</ownerDesignName>
<engineerTo>
<item key="4E4B2F09-46C7-2681-BC9B-34233877A3AF" value="true"/>
</engineerTo>
<useDomainConstraints>false</useDomainConstraints>
<use>1</use>
<logicalDatatype>LOGDT007</logicalDatatype>
<ownDataTypeParameters>,,</ownDataTypeParameters>
</Attribute>
<Attribute name="fecha_fin" id="DA35AF63-B3AF-6E26-AAA1-B7652A0FAEBC">
<createdBy>juliz</createdBy>
<createdTime>2024-10-15 23:06:02 UTC</createdTime>
<ownerDesignName>Modelos_proyecto_g7_v2</ownerDesignName>
<engineerTo>
<item key="4E4B2F09-46C7-2681-BC9B-34233877A3AF" value="true"/>
</engineerTo>
<useDomainConstraints>false</useDomainConstraints>
<use>1</use>
<logicalDatatype>LOGDT007</logicalDatatype>
<ownDataTypeParameters>,,</ownDataTypeParameters>
</Attribute>
<Attribute name="tipo" id="6BF41396-2287-3DDD-3F8F-5E0947BDD775">
<createdBy>juliz</createdBy>
<createdTime>2024-10-15 23:06:09 UTC</createdTime>
<ownerDesignName>Modelos_proyecto_g7_v2</ownerDesignName>
<engineerTo>
<item key="4E4B2F09-46C7-2681-BC9B-34233877A3AF" value="true"/>
</engineerTo>
<nullsAllowed>true</nullsAllowed>
<useDomainConstraints>false</useDomainConstraints>
<use>1</use>
<logicalDatatype>LOGDT024</logicalDatatype>
<dataTypeSize>40</dataTypeSize>
<ownDataTypeParameters>40,,</ownDataTypeParameters>
</Attribute>
<Attribute name="id_avion" id="A9578FEF-E0CD-DBDA-79E3-56505F8E6F7D">
<createdBy>juliz</createdBy>
<createdTime>2024-10-15 23:21:56 UTC</createdTime>
<generatorID>80283C3D-B69D-ECBB-2633-936868416AC3</generatorID>
<ownerDesignName>Modelos_proyecto_g7_v2</ownerDesignName>
<engineerTo>
<item key="4E4B2F09-46C7-2681-BC9B-34233877A3AF" value="true"/>
</engineerTo>
<referedAttribute>2C033BBB-C138-D2A9-2D1F-983EE223A079</referedAttribute>
<useDomainConstraints>false</useDomainConstraints>
<use>1</use>
<logicalDatatype>LOGDT011</logicalDatatype>
<ownDataTypeParameters>,,</ownDataTypeParameters>
</Attribute>
</attributes>
<identifiers itemClass="oracle.dbtools.crest.model.design.logical.CandidateKey">
<identifier id="247998DE-0F1A-5E3F-F903-61B281EB546B" name="Mantenimiento PK">
<createdBy>juliz</createdBy>
<createdTime>2024-10-15 23:05:42 UTC</createdTime>
<ownerDesignName>Modelos_proyecto_g7_v2</ownerDesignName>
<engineerTo>
<item key="4E4B2F09-46C7-2681-BC9B-34233877A3AF" value="true"/>
</engineerTo>
<pk>true</pk>
<usedAttributes>
<attributeRef>0463174C-81C5-C6EC-B0B2-BAE33C4E5C67</attributeRef>
</usedAttributes>
</identifier>
</identifiers>
</Entity>