<?xml version = '1.0' encoding = 'UTF-8'?>
<Entity class="oracle.dbtools.crest.model.design.logical.Entity" directorySegmentName="seg_0" id="2019C6B0-81E3-CAA4-BB93-99C3C9C57650" name="Historial">
<createdBy>juliz</createdBy>
<createdTime>2024-10-15 23:16:14 UTC</createdTime>
<ownerDesignName>Modelos_proyecto_g7_v2</ownerDesignName>
<engineerTo>
<item key="4E4B2F09-46C7-2681-BC9B-34233877A3AF" value="true"/>
</engineerTo>
<adequatelyNormalized>NO</adequatelyNormalized>
<expectedVolumes>0</expectedVolumes>
<fwdEngineeringStrategyName>Single Table</fwdEngineeringStrategyName>
<growthPercent>0</growthPercent>
<growthType>Year</growthType>
<maxVolumes>9999999</maxVolumes>
<minVolumes>0</minVolumes>
<normalForm>Third</normalForm>
<attributes itemClass="oracle.dbtools.crest.model.design.logical.Attribute">
<Attribute name="id_transaccion" id="A82BB9BB-43BA-CDDC-DACE-709F56D58039">
<createdBy>juliz</createdBy>
<createdTime>2024-10-15 23:18:19 UTC</createdTime>
<ownerDesignName>Modelos_proyecto_g7_v2</ownerDesignName>
<engineerTo>
<item key="4E4B2F09-46C7-2681-BC9B-34233877A3AF" value="true"/>
</engineerTo>
<useDomainConstraints>false</useDomainConstraints>
<use>1</use>
<logicalDatatype>LOGDT011</logicalDatatype>
<ownDataTypeParameters>,,</ownDataTypeParameters>
</Attribute>
<Attribute name="Fecha" id="8FBE64FF-035C-6795-9EFF-25B693B7C71C">
<createdBy>juliz</createdBy>
<createdTime>2024-10-15 23:16:24 UTC</createdTime>
<ownerDesignName>Modelos_proyecto_g7_v2</ownerDesignName>
<engineerTo>
<item key="4E4B2F09-46C7-2681-BC9B-34233877A3AF" value="true"/>
</engineerTo>
<useDomainConstraints>false</useDomainConstraints>
<use>1</use>
<logicalDatatype>LOGDT008</logicalDatatype>
<ownDataTypeParameters>,,</ownDataTypeParameters>
</Attribute>
<Attribute name="Descripcion" id="D6247882-BCB6-72AA-CA66-C569E4D1D1DD">
<createdBy>juliz</createdBy>
<createdTime>2024-10-15 23:16:59 UTC</createdTime>
<ownerDesignName>Modelos_proyecto_g7_v2</ownerDesignName>
<engineerTo>
<item key="4E4B2F09-46C7-2681-BC9B-34233877A3AF" value="true"/>
</engineerTo>
<useDomainConstraints>false</useDomainConstraints>
<use>1</use>
<logicalDatatype>LOGDT024</logicalDatatype>
<dataTypeSize>250</dataTypeSize>
<ownDataTypeParameters>250,,</ownDataTypeParameters>
</Attribute>
<Attribute name="Tipo" id="CFF0A6E7-D797-CAE2-7EB7-96EE33AA98B9">
<createdBy>juliz</createdBy>
<createdTime>2024-10-15 23:17:12 UTC</createdTime>
<ownerDesignName>Modelos_proyecto_g7_v2</ownerDesignName>
<engineerTo>
<item key="4E4B2F09-46C7-2681-BC9B-34233877A3AF" value="true"/>
</engineerTo>
<useDomainConstraints>false</useDomainConstraints>
<use>1</use>
<logicalDatatype>LOGDT024</logicalDatatype>
<dataTypeSize>25</dataTypeSize>
<ownDataTypeParameters>25,,</ownDataTypeParameters>
</Attribute>
</attributes>
<identifiers itemClass="oracle.dbtools.crest.model.design.logical.CandidateKey">
<identifier id="F49FF577-D791-5599-0CB4-4C7541990030" name="Historial PK">
<createdBy>juliz</createdBy>
<createdTime>2024-10-15 23:18:36 UTC</createdTime>
<ownerDesignName>Modelos_proyecto_g7_v2</ownerDesignName>
<engineerTo>
<item key="4E4B2F09-46C7-2681-BC9B-34233877A3AF" value="true"/>
</engineerTo>
<pk>true</pk>
<usedAttributes>
<attributeRef>A82BB9BB-43BA-CDDC-DACE-709F56D58039</attributeRef>
</usedAttributes>
</identifier>
</identifiers>
</Entity>