<?xml version = '1.0' encoding = 'UTF-8'?>
<Entity class="oracle.dbtools.crest.model.design.logical.Entity" directorySegmentName="seg_0" id="51E73DD5-BB9B-D12F-CEF9-EB5EA716E5FB" name="Tripulacion">
<createdBy>juliz</createdBy>
<createdTime>2024-10-15 23:02:44 UTC</createdTime>
<ownerDesignName>Modelos_proyecto_g7_v2</ownerDesignName>
<engineerTo>
<item key="4E4B2F09-46C7-2681-BC9B-34233877A3AF" value="true"/>
</engineerTo>
<adequatelyNormalized>NO</adequatelyNormalized>
<expectedVolumes>0</expectedVolumes>
<fwdEngineeringStrategyName>Single Table</fwdEngineeringStrategyName>
<growthPercent>0</growthPercent>
<growthType>Year</growthType>
<maxVolumes>9999999</maxVolumes>
<minVolumes>0</minVolumes>
<normalForm>Third</normalForm>
<attributes itemClass="oracle.dbtools.crest.model.design.logical.Attribute">
<Attribute name="id_tripulacion" id="6D7A5493-8340-DDA4-891C-4F69D9054CFD">
<createdBy>juliz</createdBy>
<createdTime>2024-10-15 23:02:50 UTC</createdTime>
<ownerDesignName>Modelos_proyecto_g7_v2</ownerDesignName>
<engineerTo>
<item key="4E4B2F09-46C7-2681-BC9B-34233877A3AF" value="true"/>
</engineerTo>
<useDomainConstraints>false</useDomainConstraints>
<use>1</use>
<logicalDatatype>LOGDT011</logicalDatatype>
<ownDataTypeParameters>,,</ownDataTypeParameters>
</Attribute>
<Attribute name="id_empleado" id="AA93A89A-66A8-371C-25C1-04313AAE09B4">
<createdBy>juliz</createdBy>
<createdTime>2024-10-15 23:23:15 UTC</createdTime>
<generatorID>6A0BF88E-539D-2277-126A-714857AE899A</generatorID>
<ownerDesignName>Modelos_proyecto_g7_v2</ownerDesignName>
<engineerTo>
<item key="4E4B2F09-46C7-2681-BC9B-34233877A3AF" value="true"/>
</engineerTo>
<referedAttribute>C50E5E23-9C3B-5DDA-6ED1-3DCE1DC1DBFE</referedAttribute>
<useDomainConstraints>false</useDomainConstraints>
<use>1</use>
<logicalDatatype>LOGDT011</logicalDatatype>
<ownDataTypeParameters>,,</ownDataTypeParameters>
</Attribute>
<Attribute name="id_vuelo" id="E380D964-8047-56E3-C18D-9983A9A58357">
<createdBy>juliz</createdBy>
<createdTime>2024-10-15 23:47:40 UTC</createdTime>
<generatorID>06BEABAE-4308-ADA4-5CFC-33BD899E2037</generatorID>
<ownerDesignName>Modelos_proyecto_g7_v2</ownerDesignName>
<engineerTo>
<item key="4E4B2F09-46C7-2681-BC9B-34233877A3AF" value="true"/>
</engineerTo>
<referedAttribute>5927B1EF-A45A-E821-AB6B-829846FEB24D</referedAttribute>
<useDomainConstraints>false</useDomainConstraints>
<use>1</use>
<logicalDatatype>LOGDT011</logicalDatatype>
<ownDataTypeParameters>,,</ownDataTypeParameters>
</Attribute>
</attributes>
<identifiers itemClass="oracle.dbtools.crest.model.design.logical.CandidateKey">
<identifier id="63376C10-B91E-7836-4E2C-A7A2B961F3FA" name="Tripulacion PK">
<createdBy>juliz</createdBy>
<createdTime>2024-10-15 23:03:02 UTC</createdTime>
<ownerDesignName>Modelos_proyecto_g7_v2</ownerDesignName>
<engineerTo>
<item key="4E4B2F09-46C7-2681-BC9B-34233877A3AF" value="true"/>
</engineerTo>
<pk>true</pk>
<usedAttributes>
<attributeRef>6D7A5493-8340-DDA4-891C-4F69D9054CFD</attributeRef>
</usedAttributes>
</identifier>
</identifiers>
</Entity>