<?xml version = '1.0' encoding = 'UTF-8'?>
<Entity class="oracle.dbtools.crest.model.design.logical.Entity" directorySegmentName="seg_0" id="6D3237CC-8E0B-F52D-C3DA-6A4DB5B2EE70" name="Vuelo">
<createdBy>juliz</createdBy>
<createdTime>2024-10-15 23:00:28 UTC</createdTime>
<ownerDesignName>Modelos_proyecto_g7_v2</ownerDesignName>
<engineerTo>
<item key="4E4B2F09-46C7-2681-BC9B-34233877A3AF" value="true"/>
</engineerTo>
<adequatelyNormalized>NO</adequatelyNormalized>
<expectedVolumes>0</expectedVolumes>
<fwdEngineeringStrategyName>Single Table</fwdEngineeringStrategyName>
<growthPercent>0</growthPercent>
<growthType>Year</growthType>
<maxVolumes>9999999</maxVolumes>
<minVolumes>0</minVolumes>
<normalForm>Third</normalForm>
<attributes itemClass="oracle.dbtools.crest.model.design.logical.Attribute">
<Attribute name="id_vuelo" id="5927B1EF-A45A-E821-AB6B-829846FEB24D">
<createdBy>juliz</createdBy>
<createdTime>2024-10-15 23:00:32 UTC</createdTime>
<ownerDesignName>Modelos_proyecto_g7_v2</ownerDesignName>
<engineerTo>
<item key="4E4B2F09-46C7-2681-BC9B-34233877A3AF" value="true"/>
</engineerTo>
<useDomainConstraints>false</useDomainConstraints>
<use>1</use>
<logicalDatatype>LOGDT011</logicalDatatype>
<ownDataTypeParameters>,,</ownDataTypeParameters>
</Attribute>
<Attribute name="fecha_salida" id="3D3FA4D9-8DE7-F475-9A27-BC6886178B23">
<createdBy>juliz</createdBy>
<createdTime>2024-10-15 23:00:49 UTC</createdTime>
<ownerDesignName>Modelos_proyecto_g7_v2</ownerDesignName>
<engineerTo>
<item key="4E4B2F09-46C7-2681-BC9B-34233877A3AF" value="true"/>
</engineerTo>
<useDomainConstraints>false</useDomainConstraints>
<use>1</use>
<logicalDatatype>LOGDT008</logicalDatatype>
<ownDataTypeParameters>,,</ownDataTypeParameters>
</Attribute>
<Attribute name="fecha_llegada" id="5C930137-B810-B330-F119-67F9F8A21284">
<createdBy>juliz</createdBy>
<createdTime>2024-10-15 23:01:28 UTC</createdTime>
<ownerDesignName>Modelos_proyecto_g7_v2</ownerDesignName>
<engineerTo>
<item key="4E4B2F09-46C7-2681-BC9B-34233877A3AF" value="true"/>
</engineerTo>
<useDomainConstraints>false</useDomainConstraints>
<use>1</use>
<logicalDatatype>LOGDT008</logicalDatatype>
<ownDataTypeParameters>,,</ownDataTypeParameters>
</Attribute>
<Attribute name="estado" id="E8F7B659-D049-2F59-69FA-F3FE32FC24E0">
<createdBy>juliz</createdBy>
<createdTime>2024-10-15 23:01:46 UTC</createdTime>
<ownerDesignName>Modelos_proyecto_g7_v2</ownerDesignName>
<engineerTo>
<item key="4E4B2F09-46C7-2681-BC9B-34233877A3AF" value="true"/>
</engineerTo>
<useDomainConstraints>false</useDomainConstraints>
<use>1</use>
<logicalDatatype>LOGDT024</logicalDatatype>
<dataTypeSize>25</dataTypeSize>
<ownDataTypeParameters>25,,</ownDataTypeParameters>
</Attribute>
<Attribute name="id_aerolinea" id="1646CB28-8C5E-D818-466F-351B4BB390B1">
<createdBy>juliz</createdBy>
<createdTime>2024-10-15 23:34:20 UTC</createdTime>
<generatorID>D33F6A99-7290-1D55-16B5-6AB31289B41C</generatorID>
<ownerDesignName>Modelos_proyecto_g7_v2</ownerDesignName>
<engineerTo>
<item key="4E4B2F09-46C7-2681-BC9B-34233877A3AF" value="true"/>
</engineerTo>
<referedAttribute>19DD9ACE-461F-D1E4-EC85-D5103D5A5428</referedAttribute>
<useDomainConstraints>false</useDomainConstraints>
<use>1</use>
<logicalDatatype>LOGDT011</logicalDatatype>
<ownDataTypeParameters>,,</ownDataTypeParameters>
</Attribute>
<Attribute name="id_ruta" id="49354EAC-3209-BF46-22B9-E9B6CE29CC3F">
<createdBy>juliz</createdBy>
<createdTime>2024-10-15 23:37:52 UTC</createdTime>
<generatorID>5571861C-B102-0D7F-AA33-6522431CCAD9</generatorID>
<ownerDesignName>Modelos_proyecto_g7_v2</ownerDesignName>
<engineerTo>
<item key="4E4B2F09-46C7-2681-BC9B-34233877A3AF" value="true"/>
</engineerTo>
<referedAttribute>F64610A3-3C00-7673-34C9-52B6EB0F683B</referedAttribute>
<useDomainConstraints>false</useDomainConstraints>
<use>1</use>
<logicalDatatype>LOGDT011</logicalDatatype>
<ownDataTypeParameters>,,</ownDataTypeParameters>
</Attribute>
<Attribute name="id_puerta" id="9E169D7E-6ACE-24E8-15E2-3B5CD8BB4496">
<createdBy>juliz</createdBy>
<createdTime>2024-10-15 23:38:42 UTC</createdTime>
<generatorID>39371077-D5BF-0483-AC2C-F59908CDD66D</generatorID>
<ownerDesignName>Modelos_proyecto_g7_v2</ownerDesignName>
<engineerTo>
<item key="4E4B2F09-46C7-2681-BC9B-34233877A3AF" value="true"/>
</engineerTo>
<referedAttribute>3BA2C9D6-9AFE-BFD2-EBBA-34ED1C858DBD</referedAttribute>
<useDomainConstraints>false</useDomainConstraints>
<use>1</use>
<logicalDatatype>LOGDT011</logicalDatatype>
<ownDataTypeParameters>,,</ownDataTypeParameters>
</Attribute>
<Attribute name="id_avion" id="4EE5ADC0-10AD-8C02-6FA6-FD1EF5002F9F">
<createdBy>juliz</createdBy>
<createdTime>2024-10-18 03:09:34 UTC</createdTime>
<generatorID>7FBB2E4B-C845-BB05-E58E-97C4E3D3CC26</generatorID>
<ownerDesignName>Modelos_proyecto_g7_v2</ownerDesignName>
<engineerTo>
<item key="4E4B2F09-46C7-2681-BC9B-34233877A3AF" value="true"/>
</engineerTo>
<referedAttribute>2C033BBB-C138-D2A9-2D1F-983EE223A079</referedAttribute>
<useDomainConstraints>false</useDomainConstraints>
<use>1</use>
<logicalDatatype>LOGDT011</logicalDatatype>
<ownDataTypeParameters>,,</ownDataTypeParameters>
</Attribute>
</attributes>
<identifiers itemClass="oracle.dbtools.crest.model.design.logical.CandidateKey">
<identifier id="D5A4897B-7BC9-07A8-D8CE-139034DD9707" name="Vuelo PK">
<createdBy>juliz</createdBy>
<createdTime>2024-10-15 23:00:48 UTC</createdTime>
<ownerDesignName>Modelos_proyecto_g7_v2</ownerDesignName>
<engineerTo>
<item key="4E4B2F09-46C7-2681-BC9B-34233877A3AF" value="true"/>
</engineerTo>
<pk>true</pk>
<usedAttributes>
<attributeRef>5927B1EF-A45A-E821-AB6B-829846FEB24D</attributeRef>
</usedAttributes>
</identifier>
</identifiers>
</Entity>