<?xml version = '1.0' encoding = 'UTF-8'?>
<Entity class="oracle.dbtools.crest.model.design.logical.Entity" directorySegmentName="seg_0" id="B837A28C-7389-9E06-A43F-B02E1CC68277" name="Tarifa">
<createdBy>juliz</createdBy>
<createdTime>2024-10-15 23:09:57 UTC</createdTime>
<ownerDesignName>Modelos_proyecto_g7_v2</ownerDesignName>
<engineerTo>
<item key="4E4B2F09-46C7-2681-BC9B-34233877A3AF" value="true"/>
</engineerTo>
<adequatelyNormalized>NO</adequatelyNormalized>
<expectedVolumes>0</expectedVolumes>
<fwdEngineeringStrategyName>Single Table</fwdEngineeringStrategyName>
<growthPercent>0</growthPercent>
<growthType>Year</growthType>
<maxVolumes>9999999</maxVolumes>
<minVolumes>0</minVolumes>
<normalForm>Third</normalForm>
<attributes itemClass="oracle.dbtools.crest.model.design.logical.Attribute">
<Attribute name="id_tarifa" id="DBB8647D-5627-3BBE-CF6E-CFB1689BFEA4">
<createdBy>juliz</createdBy>
<createdTime>2024-10-15 23:10:02 UTC</createdTime>
<ownerDesignName>Modelos_proyecto_g7_v2</ownerDesignName>
<engineerTo>
<item key="4E4B2F09-46C7-2681-BC9B-34233877A3AF" value="true"/>
</engineerTo>
<useDomainConstraints>false</useDomainConstraints>
<use>1</use>
<logicalDatatype>LOGDT011</logicalDatatype>
<ownDataTypeParameters>,,</ownDataTypeParameters>
</Attribute>
<Attribute name="clase" id="8DF009E3-B8A8-4B9A-D5D7-F8E059F6145E">
<createdBy>juliz</createdBy>
<createdTime>2024-10-15 23:10:20 UTC</createdTime>
<ownerDesignName>Modelos_proyecto_g7_v2</ownerDesignName>
<engineerTo>
<item key="4E4B2F09-46C7-2681-BC9B-34233877A3AF" value="true"/>
</engineerTo>
<useDomainConstraints>false</useDomainConstraints>
<use>1</use>
<logicalDatatype>LOGDT024</logicalDatatype>
<dataTypeSize>25</dataTypeSize>
<ownDataTypeParameters>25,,</ownDataTypeParameters>
</Attribute>
<Attribute name="precio" id="E5205428-C6E8-8747-E683-E32BF31ADF10">
<createdBy>juliz</createdBy>
<createdTime>2024-10-15 23:10:31 UTC</createdTime>
<ownerDesignName>Modelos_proyecto_g7_v2</ownerDesignName>
<engineerTo>
<item key="4E4B2F09-46C7-2681-BC9B-34233877A3AF" value="true"/>
</engineerTo>
<useDomainConstraints>false</useDomainConstraints>
<use>1</use>
<logicalDatatype>LOGDT019</logicalDatatype>
<dataTypePrecision>10</dataTypePrecision>
<dataTypeScale>2</dataTypeScale>
<ownDataTypeParameters>,10,2</ownDataTypeParameters>
</Attribute>
<Attribute name="id_vuelo" id="5021A0D5-9E9C-5FB4-EBA8-B6FD2FE06908">
<createdBy>juliz</createdBy>
<createdTime>2024-10-15 23:39:10 UTC</createdTime>
<generatorID>1CB0AB54-A05C-CE77-3D85-5084EC8D8C4B</generatorID>
<ownerDesignName>Modelos_proyecto_g7_v2</ownerDesignName>
<engineerTo>
<item key="4E4B2F09-46C7-2681-BC9B-34233877A3AF" value="true"/>
</engineerTo>
<referedAttribute>5927B1EF-A45A-E821-AB6B-829846FEB24D</referedAttribute>
<useDomainConstraints>false</useDomainConstraints>
<use>1</use>
<logicalDatatype>LOGDT011</logicalDatatype>
<ownDataTypeParameters>,,</ownDataTypeParameters>
</Attribute>
</attributes>
<identifiers itemClass="oracle.dbtools.crest.model.design.logical.CandidateKey">
<identifier id="9FBB49F3-DAC5-D77A-E1EA-A7239ED26776" name="Tarifa PK">
<createdBy>juliz</createdBy>
<createdTime>2024-10-15 23:10:19 UTC</createdTime>
<ownerDesignName>Modelos_proyecto_g7_v2</ownerDesignName>
<engineerTo>
<item key="4E4B2F09-46C7-2681-BC9B-34233877A3AF" value="true"/>
</engineerTo>
<pk>true</pk>
<usedAttributes>
<attributeRef>DBB8647D-5627-3BBE-CF6E-CFB1689BFEA4</attributeRef>
</usedAttributes>
</identifier>
</identifiers>
</Entity>