<?xml version = '1.0' encoding = 'UTF-8'?>
<Entity class="oracle.dbtools.crest.model.design.logical.Entity" directorySegmentName="seg_0" id="C5C268B5-B604-4D84-3487-6F4D52963CC2" name="Terminal">
<createdBy>juliz</createdBy>
<createdTime>2024-10-15 22:36:19 UTC</createdTime>
<ownerDesignName>Modelos_proyecto_g7_v2</ownerDesignName>
<engineerTo>
<item key="4E4B2F09-46C7-2681-BC9B-34233877A3AF" value="true"/>
</engineerTo>
<adequatelyNormalized>NO</adequatelyNormalized>
<expectedVolumes>0</expectedVolumes>
<fwdEngineeringStrategyName>Single Table</fwdEngineeringStrategyName>
<growthPercent>0</growthPercent>
<growthType>Year</growthType>
<maxVolumes>9999999</maxVolumes>
<minVolumes>0</minVolumes>
<normalForm>Third</normalForm>
<attributes itemClass="oracle.dbtools.crest.model.design.logical.Attribute">
<Attribute name="id_terminal" id="73021F98-9E17-9BD1-4B70-4DD3F5C0EF30">
<createdBy>juliz</createdBy>
<createdTime>2024-10-15 22:36:23 UTC</createdTime>
<ownerDesignName>Modelos_proyecto_g7_v2</ownerDesignName>
<engineerTo>
<item key="4E4B2F09-46C7-2681-BC9B-34233877A3AF" value="true"/>
</engineerTo>
<useDomainConstraints>false</useDomainConstraints>
<use>1</use>
<logicalDatatype>LOGDT011</logicalDatatype>
<ownDataTypeParameters>,,</ownDataTypeParameters>
</Attribute>
<Attribute name="id_aeropuerto" id="45688BD6-B927-4662-62C0-247DC00CF3F5">
<createdBy>juliz</createdBy>
<createdTime>2024-10-15 23:38:17 UTC</createdTime>
<generatorID>39978CC3-591A-530A-A1D6-9C7504D307D8</generatorID>
<ownerDesignName>Modelos_proyecto_g7_v2</ownerDesignName>
<engineerTo>
<item key="4E4B2F09-46C7-2681-BC9B-34233877A3AF" value="true"/>
</engineerTo>
<referedAttribute>1F0E90CA-4646-287B-91AB-C30B07F95EBC</referedAttribute>
<useDomainConstraints>false</useDomainConstraints>
<use>1</use>
<logicalDatatype>LOGDT011</logicalDatatype>
<ownDataTypeParameters>,,</ownDataTypeParameters>
</Attribute>
</attributes>
<identifiers itemClass="oracle.dbtools.crest.model.design.logical.CandidateKey">
<identifier id="66B06A44-2F41-1E9D-3661-B6EF542B2FC0" name="Terminal PK">
<createdBy>juliz</createdBy>
<createdTime>2024-10-15 22:36:41 UTC</createdTime>
<ownerDesignName>Modelos_proyecto_g7_v2</ownerDesignName>
<engineerTo>
<item key="4E4B2F09-46C7-2681-BC9B-34233877A3AF" value="true"/>
</engineerTo>
<pk>true</pk>
<usedAttributes>
<attributeRef>73021F98-9E17-9BD1-4B70-4DD3F5C0EF30</attributeRef>
</usedAttributes>
</identifier>
</identifiers>
</Entity>