<?xml version = '1.0' encoding = 'UTF-8'?>
<Entity class="oracle.dbtools.crest.model.design.logical.Entity" directorySegmentName="seg_0" id="F5C191FF-002A-1273-7979-F83B6DF8021C" name="Aerolinea">
<createdBy>juliz</createdBy>
<createdTime>2024-10-15 22:21:17 UTC</createdTime>
<ownerDesignName>Modelos_proyecto_g7_v2</ownerDesignName>
<engineerTo>
<item key="4E4B2F09-46C7-2681-BC9B-34233877A3AF" value="true"/>
</engineerTo>
<adequatelyNormalized>NO</adequatelyNormalized>
<expectedVolumes>0</expectedVolumes>
<fwdEngineeringStrategyName>Single Table</fwdEngineeringStrategyName>
<growthPercent>0</growthPercent>
<growthType>Year</growthType>
<maxVolumes>9999999</maxVolumes>
<minVolumes>0</minVolumes>
<normalForm>Third</normalForm>
<attributes itemClass="oracle.dbtools.crest.model.design.logical.Attribute">
<Attribute name="id_aerolinea" id="19DD9ACE-461F-D1E4-EC85-D5103D5A5428">
<createdBy>juliz</createdBy>
<createdTime>2024-10-15 22:22:39 UTC</createdTime>
<ownerDesignName>Modelos_proyecto_g7_v2</ownerDesignName>
<engineerTo>
<item key="4E4B2F09-46C7-2681-BC9B-34233877A3AF" value="true"/>
</engineerTo>
<useDomainConstraints>false</useDomainConstraints>
<use>1</use>
<logicalDatatype>LOGDT011</logicalDatatype>
<ownDataTypeParameters>,,</ownDataTypeParameters>
</Attribute>
<Attribute name="codigo_oaci" id="8107A2CF-140A-DBF4-D4BC-FA930192FFD1">
<createdBy>juliz</createdBy>
<createdTime>2024-10-15 22:23:02 UTC</createdTime>
<ownerDesignName>Modelos_proyecto_g7_v2</ownerDesignName>
<engineerTo>
<item key="4E4B2F09-46C7-2681-BC9B-34233877A3AF" value="true"/>
</engineerTo>
<useDomainConstraints>false</useDomainConstraints>
<use>1</use>
<logicalDatatype>LOGDT024</logicalDatatype>
<dataTypeSize>10</dataTypeSize>
<ownDataTypeParameters>10,,</ownDataTypeParameters>
</Attribute>
<Attribute name="nombre" id="185A00B7-74F3-4AF2-6B22-2F19EB379A9D">
<createdBy>juliz</createdBy>
<createdTime>2024-10-15 22:23:25 UTC</createdTime>
<ownerDesignName>Modelos_proyecto_g7_v2</ownerDesignName>
<engineerTo>
<item key="4E4B2F09-46C7-2681-BC9B-34233877A3AF" value="true"/>
</engineerTo>
<useDomainConstraints>false</useDomainConstraints>
<use>1</use>
<logicalDatatype>LOGDT024</logicalDatatype>
<dataTypeSize>100</dataTypeSize>
<ownDataTypeParameters>100,,</ownDataTypeParameters>
</Attribute>
<Attribute name="id_ciudad" id="AE452949-DAEF-BDDC-34DC-35422193774C">
<createdBy>juliz</createdBy>
<createdTime>2024-10-15 23:20:20 UTC</createdTime>
<generatorID>9AA548DD-63E0-86B2-1B57-4A1FC0CB6A1D</generatorID>
<ownerDesignName>Modelos_proyecto_g7_v2</ownerDesignName>
<engineerTo>
<item key="4E4B2F09-46C7-2681-BC9B-34233877A3AF" value="true"/>
</engineerTo>
<referedAttribute>C98AF8F0-24B2-3C42-2057-6ACFABD52618</referedAttribute>
<useDomainConstraints>false</useDomainConstraints>
<use>1</use>
<logicalDatatype>LOGDT011</logicalDatatype>
<ownDataTypeParameters>,,</ownDataTypeParameters>
</Attribute>
</attributes>
<identifiers itemClass="oracle.dbtools.crest.model.design.logical.CandidateKey">
<identifier id="296DDA7E-5A31-C289-5857-FB80B7D230BF" name="Aerolinea PK">
<createdBy>juliz</createdBy>
<createdTime>2024-10-15 22:22:53 UTC</createdTime>
<ownerDesignName>Modelos_proyecto_g7_v2</ownerDesignName>
<engineerTo>
<item key="4E4B2F09-46C7-2681-BC9B-34233877A3AF" value="true"/>
</engineerTo>
<pk>true</pk>
<usedAttributes>
<attributeRef>19DD9ACE-461F-D1E4-EC85-D5103D5A5428</attributeRef>
</usedAttributes>
</identifier>
</identifiers>
</Entity>