<?xml version = '1.0' encoding = 'UTF-8'?>
<Table class="oracle.dbtools.crest.model.design.relational.Table" directorySegmentName="seg_0" id="3550E176-2CAA-E447-35B2-744C198BD380" name="Pago">
<createdBy>juliz</createdBy>
<createdTime>2024-10-16 00:01:29 UTC</createdTime>
<generatorID>D58D2460-0A8D-1DF0-3340-9ED273411502</generatorID>
<ownerDesignName>Modelos_proyecto_g7_v2</ownerDesignName>
<allowColumnReorder>false</allowColumnReorder>
<existDependencyGenerateInDDl>true</existDependencyGenerateInDDl>
<parsed>true</parsed>
<columns itemClass="oracle.dbtools.crest.model.design.relational.Column">
<Column name="id_pago" id="385329F8-FED9-4497-D3F1-92C0649161A0">
<createdBy>juliz</createdBy>
<createdTime>2024-10-16 00:01:29 UTC</createdTime>
<generatorID>208A8B2E-0AF9-148B-2F45-D00BABAC1F4C</generatorID>
<ownerDesignName>Modelos_proyecto_g7_v2</ownerDesignName>
<useDomainConstraints>false</useDomainConstraints>
<use>1</use>
<logicalDatatype>LOGDT011</logicalDatatype>
<ownDataTypeParameters>,,</ownDataTypeParameters>
<autoIncrementCycle>false</autoIncrementCycle>
</Column>
<Column name="fecha" id="E8301680-5075-CC11-D3CD-E47B4D7DEC3A">
<createdBy>juliz</createdBy>
<createdTime>2024-10-16 00:01:29 UTC</createdTime>
<generatorID>3B213CD1-A37E-E015-9DBF-DD494A9785DF</generatorID>
<ownerDesignName>Modelos_proyecto_g7_v2</ownerDesignName>
<useDomainConstraints>false</useDomainConstraints>
<use>1</use>
<logicalDatatype>LOGDT007</logicalDatatype>
<ownDataTypeParameters>,,</ownDataTypeParameters>
<autoIncrementCycle>false</autoIncrementCycle>
</Column>
<Column name="metodo" id="05DE5562-9D9E-4CCC-6DFE-55D9FC28D261">
<createdBy>juliz</createdBy>
<createdTime>2024-10-16 00:01:29 UTC</createdTime>
<generatorID>06939DC1-C109-62B1-CBC8-6D280CA1F9E9</generatorID>
<ownerDesignName>Modelos_proyecto_g7_v2</ownerDesignName>
<useDomainConstraints>false</useDomainConstraints>
<use>1</use>
<logicalDatatype>LOGDT024</logicalDatatype>
<dataTypeSize>20</dataTypeSize>
<ownDataTypeParameters>20,,</ownDataTypeParameters>
<autoIncrementCycle>false</autoIncrementCycle>
</Column>
</columns>
<indexes itemClass="oracle.dbtools.crest.model.design.relational.Index">
<ind_PK_UK id="68638752-9BE8-DA67-3F02-6727DB678BDC" name="Pago_PK">
<createdBy>juliz</createdBy>
<createdTime>2024-10-16 00:01:29 UTC</createdTime>
<generatorID>C6825D3E-B5C3-0E19-8EF3-B75CD48F285A</generatorID>
<ownerDesignName>Modelos_proyecto_g7_v2</ownerDesignName>
<pk>true</pk>
<indexState>Primary Constraint</indexState>
<isSurrogateKey>false</isSurrogateKey>
<indexColumnUsage>
<colUsage columnID="385329F8-FED9-4497-D3F1-92C0649161A0"/>
</indexColumnUsage>
</ind_PK_UK>
</indexes>
</Table>