<?xml version = '1.0' encoding = 'UTF-8'?>
<Table class="oracle.dbtools.crest.model.design.relational.Table" directorySegmentName="seg_0" id="BEB76E79-3CEB-543A-AEF7-FD1C4387960C" name="Ciudad">
<createdBy>juliz</createdBy>
<createdTime>2024-10-16 00:01:29 UTC</createdTime>
<generatorID>B5A3B800-E559-B6F3-B8FF-07D829FA59F7</generatorID>
<ownerDesignName>Modelos_proyecto_g7_v2</ownerDesignName>
<allowColumnReorder>false</allowColumnReorder>
<existDependencyGenerateInDDl>true</existDependencyGenerateInDDl>
<parsed>true</parsed>
<columns itemClass="oracle.dbtools.crest.model.design.relational.Column">
<Column name="id_ciudad" id="8618563F-102B-3C2E-A18F-B41246652C54">
<createdBy>juliz</createdBy>
<createdTime>2024-10-16 00:01:29 UTC</createdTime>
<generatorID>C98AF8F0-24B2-3C42-2057-6ACFABD52618</generatorID>
<ownerDesignName>Modelos_proyecto_g7_v2</ownerDesignName>
<useDomainConstraints>false</useDomainConstraints>
<use>1</use>
<logicalDatatype>LOGDT011</logicalDatatype>
<ownDataTypeParameters>,,</ownDataTypeParameters>
<autoIncrementCycle>false</autoIncrementCycle>
</Column>
<Column name="nombre" id="401D4F79-6F6A-8C9E-6A5B-377602F72AC3">
<createdBy>juliz</createdBy>
<createdTime>2024-10-16 00:01:29 UTC</createdTime>
<generatorID>F72B56A1-2146-6980-998A-37E30FC4B27A</generatorID>
<ownerDesignName>Modelos_proyecto_g7_v2</ownerDesignName>
<useDomainConstraints>false</useDomainConstraints>
<use>1</use>
<logicalDatatype>LOGDT024</logicalDatatype>
<dataTypeSize>50</dataTypeSize>
<ownDataTypeParameters>50,,</ownDataTypeParameters>
<autoIncrementCycle>false</autoIncrementCycle>
</Column>
<Column name="Pais_id_pais" id="79754552-4C69-968E-AE27-214C584AA126">
<createdBy>juliz</createdBy>
<createdTime>2024-10-16 00:01:29 UTC</createdTime>
<generatorID>9DD8DCB7-01EE-CF7A-F238-B14721266D99</generatorID>
<ownerDesignName>Modelos_proyecto_g7_v2</ownerDesignName>
<useDomainConstraints>false</useDomainConstraints>
<use>1</use>
<logicalDatatype>LOGDT011</logicalDatatype>
<ownDataTypeParameters>,,</ownDataTypeParameters>
<previousColumn>false</previousColumn>
<autoIncrementCycle>false</autoIncrementCycle>
<associations>
<colAssociation fkAssociation="A2BEF0B3-C784-1C8E-8563-F2D15D588ACA" referredColumn="FC8828BE-AB4C-C32D-A38A-54FAC2E9674D"/>
</associations>
</Column>
</columns>
<indexes itemClass="oracle.dbtools.crest.model.design.relational.Index">
<ind_PK_UK id="1BA41DAA-658F-960A-2F81-FEE6C9CA11EB" name="Ciudad_PK">
<createdBy>juliz</createdBy>
<createdTime>2024-10-16 00:01:29 UTC</createdTime>
<generatorID>F9F403F7-16EC-992D-4B9C-D9861071A830</generatorID>
<ownerDesignName>Modelos_proyecto_g7_v2</ownerDesignName>
<pk>true</pk>
<indexState>Primary Constraint</indexState>
<isSurrogateKey>false</isSurrogateKey>
<indexColumnUsage>
<colUsage columnID="8618563F-102B-3C2E-A18F-B41246652C54"/>
</indexColumnUsage>
</ind_PK_UK>
<ind_PK_UK id="BA005892-83FB-39AA-0547-3995BE8D8744" name="Ciudad_Pais_FK">
<createdBy>juliz</createdBy>
<createdTime>2024-10-16 00:01:29 UTC</createdTime>
<generatorID>AE1DD668-CC65-54D7-F5DB-170E8CCE06DC</generatorID>
<ownerDesignName>Modelos_proyecto_g7_v2</ownerDesignName>
<indexState>Foreign Key</indexState>
<isSurrogateKey>false</isSurrogateKey>
<indexColumnUsage>
<colUsage columnID="79754552-4C69-968E-AE27-214C584AA126"/>
</indexColumnUsage>
</ind_PK_UK>
</indexes>
</Table>