<?xml version = '1.0' encoding = 'UTF-8'?>
<Table class="oracle.dbtools.crest.model.design.relational.Table" directorySegmentName="seg_0" id="D96C5AC0-0F7D-36AC-B080-E7BD4A6B909C" name="Aeropuerto">
<createdBy>juliz</createdBy>
<createdTime>2024-10-16 00:01:29 UTC</createdTime>
<generatorID>D38799CD-DE29-EA15-C5C3-EF2B03A0BDB9</generatorID>
<ownerDesignName>Modelos_proyecto_g7_v2</ownerDesignName>
<allowColumnReorder>false</allowColumnReorder>
<existDependencyGenerateInDDl>true</existDependencyGenerateInDDl>
<parsed>true</parsed>
<columns itemClass="oracle.dbtools.crest.model.design.relational.Column">
<Column name="id_aeropuerto" id="5BD5528B-6DF6-42AE-C0D1-EB017D62AD98">
<createdBy>juliz</createdBy>
<createdTime>2024-10-16 00:01:29 UTC</createdTime>
<generatorID>1F0E90CA-4646-287B-91AB-C30B07F95EBC</generatorID>
<ownerDesignName>Modelos_proyecto_g7_v2</ownerDesignName>
<useDomainConstraints>false</useDomainConstraints>
<use>1</use>
<logicalDatatype>LOGDT011</logicalDatatype>
<ownDataTypeParameters>,,</ownDataTypeParameters>
<autoIncrementCycle>false</autoIncrementCycle>
</Column>
<Column name="codigo_IATA" id="72A2E81C-4BF3-403B-3C36-8A29A897ACAB">
<createdBy>juliz</createdBy>
<createdTime>2024-10-16 00:01:29 UTC</createdTime>
<generatorID>DCE33190-D364-58A2-FAC5-18859852D524</generatorID>
<ownerDesignName>Modelos_proyecto_g7_v2</ownerDesignName>
<useDomainConstraints>false</useDomainConstraints>
<use>1</use>
<logicalDatatype>LOGDT024</logicalDatatype>
<dataTypeSize>10</dataTypeSize>
<ownDataTypeParameters>10,,</ownDataTypeParameters>
<autoIncrementCycle>false</autoIncrementCycle>
</Column>
<Column name="nombre" id="E3DBC7DD-1837-316D-0560-41093F59E305">
<createdBy>juliz</createdBy>
<createdTime>2024-10-16 00:01:29 UTC</createdTime>
<generatorID>B865BECA-D991-4322-7EDB-93050433AB9D</generatorID>
<ownerDesignName>Modelos_proyecto_g7_v2</ownerDesignName>
<useDomainConstraints>false</useDomainConstraints>
<use>1</use>
<logicalDatatype>LOGDT024</logicalDatatype>
<dataTypeSize>250</dataTypeSize>
<ownDataTypeParameters>250,,</ownDataTypeParameters>
<autoIncrementCycle>false</autoIncrementCycle>
</Column>
<Column name="direccion" id="82BDAEC1-9DA8-3CCB-98FD-689C523A541D">
<createdBy>juliz</createdBy>
<createdTime>2024-10-16 00:01:29 UTC</createdTime>
<generatorID>E31E5FC9-8766-A31F-CC32-08891455CF0E</generatorID>
<ownerDesignName>Modelos_proyecto_g7_v2</ownerDesignName>
<useDomainConstraints>false</useDomainConstraints>
<use>1</use>
<logicalDatatype>LOGDT024</logicalDatatype>
<dataTypeSize>250</dataTypeSize>
<ownDataTypeParameters>250,,</ownDataTypeParameters>
<autoIncrementCycle>false</autoIncrementCycle>
</Column>
<Column name="pista_extendida" id="8DD3C62A-020E-E478-43D2-C1765877648E">
<createdBy>juliz</createdBy>
<createdTime>2024-10-16 00:01:29 UTC</createdTime>
<generatorID>C9ABB0DF-ECAA-6D23-D1A4-57CD5CA657BF</generatorID>
<ownerDesignName>Modelos_proyecto_g7_v2</ownerDesignName>
<useDomainConstraints>false</useDomainConstraints>
<use>1</use>
<logicalDatatype>LOGDT006</logicalDatatype>
<dataTypeSize>1</dataTypeSize>
<ownDataTypeParameters>1,,</ownDataTypeParameters>
<autoIncrementCycle>false</autoIncrementCycle>
</Column>
<Column name="servicio_aduanero" id="EFBA4D2B-1853-4DF2-0F25-DB8393A080AD">
<createdBy>juliz</createdBy>
<createdTime>2024-10-16 00:01:29 UTC</createdTime>
<generatorID>9F84C68B-8C9F-1079-F1F1-578600D9D626</generatorID>
<ownerDesignName>Modelos_proyecto_g7_v2</ownerDesignName>
<useDomainConstraints>false</useDomainConstraints>
<use>1</use>
<logicalDatatype>LOGDT006</logicalDatatype>
<dataTypeSize>1</dataTypeSize>
<ownDataTypeParameters>1,,</ownDataTypeParameters>
<autoIncrementCycle>false</autoIncrementCycle>
</Column>
<Column name="Ciudad_id_ciudad" id="1C18ACE4-1F90-6D52-6012-9F74EB879833">
<createdBy>juliz</createdBy>
<createdTime>2024-10-16 00:01:29 UTC</createdTime>
<generatorID>0FFACE1A-F497-CFAA-9C81-6E32C7EB7AD0</generatorID>
<ownerDesignName>Modelos_proyecto_g7_v2</ownerDesignName>
<useDomainConstraints>false</useDomainConstraints>
<use>1</use>
<logicalDatatype>LOGDT011</logicalDatatype>
<ownDataTypeParameters>,,</ownDataTypeParameters>
<previousColumn>false</previousColumn>
<autoIncrementCycle>false</autoIncrementCycle>
<associations>
<colAssociation fkAssociation="244E9E12-4079-D09C-2ADB-7DCDDCFA4A6E" referredColumn="8618563F-102B-3C2E-A18F-B41246652C54"/>
</associations>
</Column>
</columns>
<indexes itemClass="oracle.dbtools.crest.model.design.relational.Index">
<ind_PK_UK id="3C6B36DC-A6F6-0CEC-AEE5-71366D35113B" name="Aeropuerto_PK">
<createdBy>juliz</createdBy>
<createdTime>2024-10-16 00:01:29 UTC</createdTime>
<generatorID>C1679E77-269C-8D19-08EA-23418D8D2D62</generatorID>
<ownerDesignName>Modelos_proyecto_g7_v2</ownerDesignName>
<pk>true</pk>
<indexState>Primary Constraint</indexState>
<isSurrogateKey>false</isSurrogateKey>
<indexColumnUsage>
<colUsage columnID="5BD5528B-6DF6-42AE-C0D1-EB017D62AD98"/>
</indexColumnUsage>
</ind_PK_UK>
<ind_PK_UK id="B1DE152C-2FA0-45FF-9663-2603F1934AC6" name="Aeropuerto_Ciudad_FK">
<createdBy>juliz</createdBy>
<createdTime>2024-10-16 00:01:29 UTC</createdTime>
<generatorID>809BB8FA-FDB8-727D-6D65-431D15EF0A60</generatorID>
<ownerDesignName>Modelos_proyecto_g7_v2</ownerDesignName>
<indexState>Foreign Key</indexState>
<isSurrogateKey>false</isSurrogateKey>
<indexColumnUsage>
<colUsage columnID="1C18ACE4-1F90-6D52-6012-9F74EB879833"/>
</indexColumnUsage>
</ind_PK_UK>
</indexes>
</Table>