<?xml version = '1.0' encoding = 'UTF-8'?>
<Relation class="oracle.dbtools.crest.model.design.logical.Relation" name="Relation_26" directorySegmentName="seg_0" id="27696434-29FF-3AF1-28F9-ABC4D4FF0D3D">
<createdBy>juliz</createdBy>
<createdTime>2024-10-15 23:39:34 UTC</createdTime>
<ownerDesignName>Modelos_proyecto_g7_v2</ownerDesignName>
<engineerTo>
<item key="4E4B2F09-46C7-2681-BC9B-34233877A3AF" value="true"/>
</engineerTo>
<sourcePk>D5A4897B-7BC9-07A8-D8CE-139034DD9707</sourcePk>
<identifying>false</identifying>
<optionalSource>true</optionalSource>
<optionalTarget>false</optionalTarget>
<sourceCardinality>1</sourceCardinality>
<sourceEntity>6D3237CC-8E0B-F52D-C3DA-6A4DB5B2EE70</sourceEntity>
<targetCardinalityString>*</targetCardinalityString>
<targetEntity>76954425-E0A5-8643-54E9-9780CF045809</targetEntity>
<transferable>true</transferable>
<deleteRule>NO ACTION</deleteRule>
</Relation>