<?xml version = '1.0' encoding = 'UTF-8'?>
<Relation class="oracle.dbtools.crest.model.design.logical.Relation" name="Relation_12" directorySegmentName="seg_0" id="4DBFF1A9-05C2-89DA-8EDF-81BAB9BB38AD">
<createdBy>juliz</createdBy>
<createdTime>2024-10-15 23:21:38 UTC</createdTime>
<ownerDesignName>Modelos_proyecto_g7_v2</ownerDesignName>
<engineerTo>
<item key="4E4B2F09-46C7-2681-BC9B-34233877A3AF" value="true"/>
</engineerTo>
<sourcePk>296DDA7E-5A31-C289-5857-FB80B7D230BF</sourcePk>
<identifying>false</identifying>
<optionalSource>true</optionalSource>
<optionalTarget>false</optionalTarget>
<sourceCardinality>1</sourceCardinality>
<sourceEntity>F5C191FF-002A-1273-7979-F83B6DF8021C</sourceEntity>
<targetCardinalityString>*</targetCardinalityString>
<targetEntity>DD56390A-664C-778A-E4FD-F7EBB2DE1446</targetEntity>
<transferable>true</transferable>
<deleteRule>NO ACTION</deleteRule>
</Relation>