<?xml version = '1.0' encoding = 'UTF-8'?>
<Relation class="oracle.dbtools.crest.model.design.logical.Relation" name="Relation_21" directorySegmentName="seg_0" id="5571861C-B102-0D7F-AA33-6522431CCAD9">
<createdBy>juliz</createdBy>
<createdTime>2024-10-15 23:37:52 UTC</createdTime>
<ownerDesignName>Modelos_proyecto_g7_v2</ownerDesignName>
<engineerTo>
<item key="4E4B2F09-46C7-2681-BC9B-34233877A3AF" value="true"/>
</engineerTo>
<sourcePk>B6C3F28F-6410-6508-D3EB-795DDFC45B8C</sourcePk>
<identifying>false</identifying>
<optionalSource>true</optionalSource>
<optionalTarget>false</optionalTarget>
<sourceCardinality>1</sourceCardinality>
<sourceEntity>09FF1891-2C23-7B0B-6B21-4CD9A95FD8C9</sourceEntity>
<targetCardinalityString>*</targetCardinalityString>
<targetEntity>6D3237CC-8E0B-F52D-C3DA-6A4DB5B2EE70</targetEntity>
<transferable>true</transferable>
<deleteRule>NO ACTION</deleteRule>
</Relation>