<?xml version = '1.0' encoding = 'UTF-8'?>
<Relation class="oracle.dbtools.crest.model.design.logical.Relation" name="Relation_15" directorySegmentName="seg_0" id="5B551516-4A13-E3E0-08F0-4D3A294C029B">
<createdBy>juliz</createdBy>
<createdTime>2024-10-15 23:22:44 UTC</createdTime>
<ownerDesignName>Modelos_proyecto_g7_v2</ownerDesignName>
<engineerTo>
<item key="4E4B2F09-46C7-2681-BC9B-34233877A3AF" value="true"/>
</engineerTo>
<sourcePk>B8C23B90-C653-C601-1EFF-D64B8CEBFE77</sourcePk>
<identifying>false</identifying>
<optionalSource>true</optionalSource>
<optionalTarget>false</optionalTarget>
<sourceCardinality>1</sourceCardinality>
<sourceEntity>EE55EBE3-7531-3ADA-1258-ADDF47951AD2</sourceEntity>
<targetCardinalityString>*</targetCardinalityString>
<targetEntity>5CF2B310-B9E0-EC03-2FFE-F6ED2F350A34</targetEntity>
<transferable>true</transferable>
<deleteRule>NO ACTION</deleteRule>
</Relation>