<?xml version = '1.0' encoding = 'UTF-8'?>
<Relation class="oracle.dbtools.crest.model.design.logical.Relation" name="Relation_40" directorySegmentName="seg_0" id="7FBB2E4B-C845-BB05-E58E-97C4E3D3CC26">
<createdBy>juliz</createdBy>
<createdTime>2024-10-18 03:09:34 UTC</createdTime>
<ownerDesignName>Modelos_proyecto_g7_v2</ownerDesignName>
<engineerTo>
<item key="4E4B2F09-46C7-2681-BC9B-34233877A3AF" value="true"/>
</engineerTo>
<sourcePk>CD3A7707-8DD4-35C3-34DC-55CE368E21E9</sourcePk>
<identifying>false</identifying>
<optionalSource>true</optionalSource>
<optionalTarget>false</optionalTarget>
<sourceCardinality>1</sourceCardinality>
<sourceEntity>DD56390A-664C-778A-E4FD-F7EBB2DE1446</sourceEntity>
<targetCardinalityString>*</targetCardinalityString>
<targetEntity>6D3237CC-8E0B-F52D-C3DA-6A4DB5B2EE70</targetEntity>
<transferable>true</transferable>
<deleteRule>NO ACTION</deleteRule>
</Relation>