<?xml version = '1.0' encoding = 'UTF-8'?>
<Relation class="oracle.dbtools.crest.model.design.logical.Relation" name="Relation_28" directorySegmentName="seg_0" id="89373732-37BE-E91C-5063-A1C961025C6A">
<createdBy>juliz</createdBy>
<createdTime>2024-10-15 23:40:11 UTC</createdTime>
<ownerDesignName>Modelos_proyecto_g7_v2</ownerDesignName>
<engineerTo>
<item key="4E4B2F09-46C7-2681-BC9B-34233877A3AF" value="true"/>
</engineerTo>
<sourcePk>5EBC7907-5146-F249-7A99-D0602FC392E6</sourcePk>
<identifying>false</identifying>
<optionalSource>true</optionalSource>
<optionalTarget>false</optionalTarget>
<sourceCardinality>1</sourceCardinality>
<sourceEntity>8BDFE6A7-3288-8323-61E5-F9DDB5037557</sourceEntity>
<targetCardinalityString>*</targetCardinalityString>
<targetEntity>5075C66D-B5CB-ABB1-139D-D06376C0162A</targetEntity>
<transferable>true</transferable>
<deleteRule>NO ACTION</deleteRule>
</Relation>