<?xml version = '1.0' encoding = 'UTF-8'?>
<Relation class="oracle.dbtools.crest.model.design.logical.Relation" name="Relation_18" directorySegmentName="seg_0" id="D33F6A99-7290-1D55-16B5-6AB31289B41C">
<createdBy>juliz</createdBy>
<createdTime>2024-10-15 23:34:20 UTC</createdTime>
<ownerDesignName>Modelos_proyecto_g7_v2</ownerDesignName>
<engineerTo>
<item key="4E4B2F09-46C7-2681-BC9B-34233877A3AF" value="true"/>
</engineerTo>
<sourcePk>296DDA7E-5A31-C289-5857-FB80B7D230BF</sourcePk>
<identifying>false</identifying>
<optionalSource>true</optionalSource>
<optionalTarget>false</optionalTarget>
<sourceCardinality>1</sourceCardinality>
<sourceEntity>F5C191FF-002A-1273-7979-F83B6DF8021C</sourceEntity>
<targetCardinalityString>*</targetCardinalityString>
<targetEntity>6D3237CC-8E0B-F52D-C3DA-6A4DB5B2EE70</targetEntity>
<transferable>true</transferable>
<deleteRule>NO ACTION</deleteRule>
</Relation>