<?xml version = '1.0' encoding = 'UTF-8'?>
<Relation class="oracle.dbtools.crest.model.design.logical.Relation" name="Relation_20" directorySegmentName="seg_0" id="E0041241-85A4-CA96-C7B1-E0BEA172DF53">
<createdBy>juliz</createdBy>
<createdTime>2024-10-15 23:35:19 UTC</createdTime>
<ownerDesignName>Modelos_proyecto_g7_v2</ownerDesignName>
<engineerTo>
<item key="4E4B2F09-46C7-2681-BC9B-34233877A3AF" value="true"/>
</engineerTo>
<sourcePk>C1679E77-269C-8D19-08EA-23418D8D2D62</sourcePk>
<identifying>false</identifying>
<optionalSource>true</optionalSource>
<optionalTarget>false</optionalTarget>
<sourceCardinality>1</sourceCardinality>
<sourceEntity>D38799CD-DE29-EA15-C5C3-EF2B03A0BDB9</sourceEntity>
<targetCardinalityString>*</targetCardinalityString>
<targetEntity>09FF1891-2C23-7B0B-6B21-4CD9A95FD8C9</targetEntity>
<transferable>true</transferable>
<deleteRule>NO ACTION</deleteRule>
</Relation>