<?xml version = '1.0' encoding = 'UTF-8'?>
<Diagram class="oracle.dbtools.crest.swingui.relational.DPVRelational" name="Relational_1" id="0B73BFAE-8302-EADE-7331-C90DEB7DB1D4">
<createdBy>juliz</createdBy>
<modifiedBy>juliz</modifiedBy>
<createdTime>2024-10-15 23:48:47 UTC</createdTime>
<autoRoute>false</autoRoute>
<boxInbox>true</boxInbox>
<showLegend>false</showLegend>
<showLabels>false</showLabels>
<showRelAttributes>false</showRelAttributes>
<gridEnabled>false</gridEnabled>
<showGrid>false</showGrid>
<diagramColor>-1</diagramColor>
<display>false</display>
<notation>1</notation>
<objectViews>
<OView class="oracle.dbtools.crest.swingui.relational.TVTable" oid="09535A06-3D4B-19A3-8B14-E10E7566AF2F" otype="Table" vid="C4D48535-3719-3852-7B7A-E377128D146B">
<hideElementsInCurrentOnly>false</hideElementsInCurrentOnly>
<bounds x="823" y="610" width="278" height="187"/>
</OView>
<OView class="oracle.dbtools.crest.swingui.relational.TVTable" oid="1044316D-9557-A0D4-5200-51911D36AE81" otype="Table" vid="2D280D6F-FA58-CB59-2BA7-9B6BC606A279">
<hideElementsInCurrentOnly>false</hideElementsInCurrentOnly>
<bounds x="676" y="16" width="201" height="90"/>
</OView>
<OView class="oracle.dbtools.crest.swingui.relational.TVTable" oid="1E48050B-9BF7-5E65-0AA3-E383F238588D" otype="Table" vid="4B1FB4CD-F9F4-9439-AC47-E355D5EC4973">
<hideElementsInCurrentOnly>false</hideElementsInCurrentOnly>
<bounds x="1447" y="679" width="222" height="107"/>
</OView>
<OView class="oracle.dbtools.crest.swingui.relational.TVTable" oid="2D42419C-0BAC-25A2-4330-24B17B9632A2" otype="Table" vid="991D2761-1332-003A-C631-3293C22601AC">
<hideElementsInCurrentOnly>false</hideElementsInCurrentOnly>
<bounds x="668" y="188" width="266" height="121"/>
</OView>
<OView class="oracle.dbtools.crest.swingui.relational.TVTable" oid="35277EFD-CB99-5BA4-D712-E6E46910B938" otype="Table" vid="4D483F80-B503-75B8-2865-FE9D8259541B">
<hideElementsInCurrentOnly>false</hideElementsInCurrentOnly>
<bounds x="1316" y="17" width="245" height="133"/>
</OView>
<OView class="oracle.dbtools.crest.swingui.relational.TVTable" oid="3550E176-2CAA-E447-35B2-744C198BD380" otype="Table" vid="EA4ACB2D-D02F-6D95-B130-F586B9655F60">
<hideElementsInCurrentOnly>false</hideElementsInCurrentOnly>
<bounds x="1439" y="191" width="170" height="110"/>
</OView>
<OView class="oracle.dbtools.crest.swingui.relational.TVTable" oid="4D208A24-997B-2B8C-60AE-63C47F92153A" otype="Table" vid="063C95CA-FEFF-3892-C9C8-FADF053B3725">
<hideElementsInCurrentOnly>false</hideElementsInCurrentOnly>
<bounds x="11" y="530" width="294" height="96"/>
</OView>
<OView class="oracle.dbtools.crest.swingui.relational.TVTable" oid="4E9AC7B8-D498-9120-30EC-D68C8616A467" otype="Table" vid="087FEFC5-93EA-5F91-A06A-AB484914B6A5">
<hideElementsInCurrentOnly>false</hideElementsInCurrentOnly>
<bounds x="332" y="473" width="264" height="148"/>
</OView>
<OView class="oracle.dbtools.crest.swingui.relational.TVTable" oid="5103AF74-0A9F-6C83-F5CD-B27B4B80CD37" otype="Table" vid="A62CADFA-F280-EADB-8154-18F4B1A2D0BA">
<hideElementsInCurrentOnly>false</hideElementsInCurrentOnly>
<bounds x="1388" y="426" width="170" height="110"/>
</OView>
<OView class="oracle.dbtools.crest.swingui.relational.TVTable" oid="559AEA26-2886-CB36-324C-FF1480A966D3" otype="Table" vid="23E65A0C-C229-D507-9CDA-95AD05BB9749">
<hideElementsInCurrentOnly>false</hideElementsInCurrentOnly>
<bounds x="1173" y="673" width="239" height="128"/>
</OView>
<OView class="oracle.dbtools.crest.swingui.relational.TVTable" oid="79AFA4C9-3D1C-49F4-5FAB-0650B189C8A1" otype="Table" vid="61FFA4CF-4C96-F049-5A37-A395B4C9BD08">
<hideElementsInCurrentOnly>false</hideElementsInCurrentOnly>
<bounds x="1009" y="330" width="295" height="244"/>
</OView>
<OView class="oracle.dbtools.crest.swingui.relational.TVTable" oid="89851050-AC7D-1322-6564-412D36D7FC5A" otype="Table" vid="4123B8BA-5B98-52B6-ACFB-D450783F8EE4">
<hideElementsInCurrentOnly>false</hideElementsInCurrentOnly>
<bounds x="1238" y="183" width="222" height="119"/>
</OView>
<OView class="oracle.dbtools.crest.swingui.relational.TVTable" oid="8C0CC046-07EA-25A8-BC21-EAC93374DD3E" otype="Table" vid="C6B3E6F1-667B-BA0E-7803-B35551F031E2">
<hideElementsInCurrentOnly>false</hideElementsInCurrentOnly>
<bounds x="578" y="660" width="207" height="120"/>
</OView>
<OView class="oracle.dbtools.crest.swingui.relational.TVTable" oid="8C766420-F514-5854-893C-E5E460FA5913" otype="Table" vid="A3E362C8-1275-CA63-0610-8B1914A16EA3">
<hideElementsInCurrentOnly>false</hideElementsInCurrentOnly>
<bounds x="668" y="358" width="288" height="216"/>
</OView>
<OView class="oracle.dbtools.crest.swingui.relational.TVTable" oid="B87588F6-AB13-B3C7-C55D-E1FABF3A8646" otype="Table" vid="BA1D5A95-105E-6240-61D6-9898DCA9D7CC">
<hideElementsInCurrentOnly>false</hideElementsInCurrentOnly>
<bounds x="945" y="13" width="263" height="152"/>
</OView>
<OView class="oracle.dbtools.crest.swingui.relational.TVTable" oid="BEB76E79-3CEB-543A-AEF7-FD1C4387960C" otype="Table" vid="4C4F6CC9-7EC9-D1CE-0053-EB567F4101AF">
<hideElementsInCurrentOnly>false</hideElementsInCurrentOnly>
<bounds x="24" y="240" width="205" height="102"/>
</OView>
<OView class="oracle.dbtools.crest.swingui.relational.TVTable" oid="CC84C112-F4F4-188E-48AB-76215B51AADE" otype="Table" vid="5DD68B18-7AFA-395B-9A09-AF8046871EC4">
<hideElementsInCurrentOnly>false</hideElementsInCurrentOnly>
<bounds x="325" y="3" width="263" height="194"/>
</OView>
<OView class="oracle.dbtools.crest.swingui.relational.TVTable" oid="D96C5AC0-0F7D-36AC-B080-E7BD4A6B909C" otype="Table" vid="B1121CEE-31B5-437F-26E0-A42A0F2853D0">
<hideElementsInCurrentOnly>false</hideElementsInCurrentOnly>
<bounds x="325" y="248" width="258" height="183"/>
</OView>
<OView class="oracle.dbtools.crest.swingui.relational.TVTable" oid="E9B76291-5906-E43A-A750-D0519FEEC35D" otype="Table" vid="9C88AAC3-96E1-9A7B-912A-8D423E55BA0E">
<hideElementsInCurrentOnly>false</hideElementsInCurrentOnly>
<bounds x="263" y="674" width="281" height="116"/>
</OView>
<OView class="oracle.dbtools.crest.swingui.relational.TVTable" oid="F43499AF-B6A0-9AA2-8FD6-81B1626D3420" otype="Table" vid="BA748B06-1969-3CD0-BB21-E55AD16E20CD">
<hideElementsInCurrentOnly>false</hideElementsInCurrentOnly>
<bounds x="26" y="66" width="242" height="136"/>
</OView>
<OView class="oracle.dbtools.crest.swingui.relational.TVTable" oid="FC4D7533-861F-976B-ED75-0C46C746CFC6" otype="Table" vid="5AA32E0B-A019-87F5-8D65-DAA5855D4659">
<hideElementsInCurrentOnly>false</hideElementsInCurrentOnly>
<bounds x="16" y="403" width="181" height="83"/>
</OView>
</objectViews>
<connectors>
<Connector class="oracle.dbtools.crest.swingui.relational.TVFKRelation" oid="03DB2FF4-F8E3-AEE3-2A57-3D170BED0CB8" otype="FKIndexAssociation" vid_source="9C88AAC3-96E1-9A7B-912A-8D423E55BA0E" vid_target="A3E362C8-1275-CA63-0610-8B1914A16EA3">
<hideElementsInCurrentOnly>false</hideElementsInCurrentOnly>
<backgroundColor>-16777216</backgroundColor>
<lineWidth>1</lineWidth>
<points>
<point x="492" y="674"/>
<point x="668" y="559"/>
</points>
</Connector>
<Connector class="oracle.dbtools.crest.swingui.relational.TVFKRelation" oid="0A41D147-F69D-10C9-E294-97159A432EB3" otype="FKIndexAssociation" vid_source="B1121CEE-31B5-437F-26E0-A42A0F2853D0" vid_target="063C95CA-FEFF-3892-C9C8-FADF053B3725">
<hideElementsInCurrentOnly>false</hideElementsInCurrentOnly>
<backgroundColor>-16777216</backgroundColor>
<lineWidth>1</lineWidth>
<points>
<point x="340" y="431"/>
<point x="217" y="530"/>
</points>
</Connector>
<Connector class="oracle.dbtools.crest.swingui.relational.TVFKRelation" oid="0F2BC556-D078-D231-E869-6391E10FD174" otype="FKIndexAssociation" vid_source="A62CADFA-F280-EADB-8154-18F4B1A2D0BA" vid_target="61FFA4CF-4C96-F049-5A37-A395B4C9BD08">
<hideElementsInCurrentOnly>false</hideElementsInCurrentOnly>
<backgroundColor>-16777216</backgroundColor>
<lineWidth>1</lineWidth>
<points>
<point x="1388" y="481"/>
<point x="1304" y="481"/>
</points>
</Connector>
<Connector class="oracle.dbtools.crest.swingui.relational.TVFKRelation" oid="1A836D9D-8073-35DC-AFC6-8C69BD40D342" otype="FKIndexAssociation" vid_source="A3E362C8-1275-CA63-0610-8B1914A16EA3" vid_target="61FFA4CF-4C96-F049-5A37-A395B4C9BD08">
<hideElementsInCurrentOnly>false</hideElementsInCurrentOnly>
<backgroundColor>-16777216</backgroundColor>
<lineWidth>1</lineWidth>
<points>
<point x="956" y="466"/>
<point x="1009" y="466"/>
</points>
</Connector>
<Connector class="oracle.dbtools.crest.swingui.relational.TVFKRelation" oid="244E9E12-4079-D09C-2ADB-7DCDDCFA4A6E" otype="FKIndexAssociation" vid_source="4C4F6CC9-7EC9-D1CE-0053-EB567F4101AF" vid_target="B1121CEE-31B5-437F-26E0-A42A0F2853D0">
<hideElementsInCurrentOnly>false</hideElementsInCurrentOnly>
<backgroundColor>-16777216</backgroundColor>
<lineWidth>1</lineWidth>
<points>
<point x="229" y="295"/>
<point x="325" y="295"/>
</points>
</Connector>
<Connector class="oracle.dbtools.crest.swingui.relational.TVFKRelation" oid="286E23B2-308B-4925-D6C3-15DB4D6B953D" otype="FKIndexAssociation" vid_source="BA748B06-1969-3CD0-BB21-E55AD16E20CD" vid_target="5DD68B18-7AFA-395B-9A09-AF8046871EC4">
<hideElementsInCurrentOnly>false</hideElementsInCurrentOnly>
<backgroundColor>-16777216</backgroundColor>
<lineWidth>1</lineWidth>
<points>
<point x="268" y="146"/>
<point x="325" y="146"/>
</points>
</Connector>
<Connector class="oracle.dbtools.crest.swingui.relational.TVFKRelation" oid="32A5AD47-E268-C252-F68B-243E01884A3C" otype="FKIndexAssociation" vid_source="BA1D5A95-105E-6240-61D6-9898DCA9D7CC" vid_target="A3E362C8-1275-CA63-0610-8B1914A16EA3">
<hideElementsInCurrentOnly>false</hideElementsInCurrentOnly>
<backgroundColor>-16777216</backgroundColor>
<lineWidth>1</lineWidth>
<points>
<point x="950" y="165"/>
<point x="950" y="358"/>
</points>
</Connector>
<Connector class="oracle.dbtools.crest.swingui.relational.TVFKRelation" oid="53094D04-2A0B-44EE-D790-9B6923150E48" otype="FKIndexAssociation" vid_source="B1121CEE-31B5-437F-26E0-A42A0F2853D0" vid_target="087FEFC5-93EA-5F91-A06A-AB484914B6A5">
<hideElementsInCurrentOnly>false</hideElementsInCurrentOnly>
<backgroundColor>-16777216</backgroundColor>
<lineWidth>1</lineWidth>
<points>
<point x="442" y="431"/>
<point x="442" y="473"/>
</points>
</Connector>
<Connector class="oracle.dbtools.crest.swingui.relational.TVFKRelation" oid="531CC3B3-2CD0-D9FE-5C55-60AADB8E37F5" otype="FKIndexAssociation" vid_source="2D280D6F-FA58-CB59-2BA7-9B6BC606A279" vid_target="5DD68B18-7AFA-395B-9A09-AF8046871EC4">
<hideElementsInCurrentOnly>false</hideElementsInCurrentOnly>
<backgroundColor>-16777216</backgroundColor>
<lineWidth>1</lineWidth>
<points>
<point x="676" y="61"/>
<point x="588" y="61"/>
</points>
</Connector>
<Connector class="oracle.dbtools.crest.swingui.relational.TVFKRelation" oid="54B69C2F-996E-4C0F-E348-32AE3B72F69F" otype="FKIndexAssociation" vid_source="5DD68B18-7AFA-395B-9A09-AF8046871EC4" vid_target="61FFA4CF-4C96-F049-5A37-A395B4C9BD08">
<hideElementsInCurrentOnly>false</hideElementsInCurrentOnly>
<backgroundColor>-16777216</backgroundColor>
<lineWidth>1</lineWidth>
<points>
<point x="588" y="166"/>
<point x="1009" y="377"/>
</points>
</Connector>
<Connector class="oracle.dbtools.crest.swingui.relational.TVFKRelation" oid="57E86790-64A4-375C-2953-D35ED276598D" otype="FKIndexAssociation" vid_source="4123B8BA-5B98-52B6-ACFB-D450783F8EE4" vid_target="61FFA4CF-4C96-F049-5A37-A395B4C9BD08">
<hideElementsInCurrentOnly>false</hideElementsInCurrentOnly>
<backgroundColor>-16777216</backgroundColor>
<lineWidth>1</lineWidth>
<points>
<point x="1271" y="302"/>
<point x="1271" y="330"/>
</points>
</Connector>
<Connector class="oracle.dbtools.crest.swingui.relational.TVFKRelation" oid="5E90BD32-7B84-C23E-03A4-70B02D77488B" otype="FKIndexAssociation" vid_source="BA1D5A95-105E-6240-61D6-9898DCA9D7CC" vid_target="4D483F80-B503-75B8-2865-FE9D8259541B">
<hideElementsInCurrentOnly>false</hideElementsInCurrentOnly>
<backgroundColor>-16777216</backgroundColor>
<lineWidth>1</lineWidth>
<points>
<point x="1208" y="83"/>
<point x="1316" y="83"/>
</points>
</Connector>
<Connector class="oracle.dbtools.crest.swingui.relational.TVFKRelation" oid="61FC849E-C269-65F7-710F-E9B2032C5E2A" otype="FKIndexAssociation" vid_source="23E65A0C-C229-D507-9CDA-95AD05BB9749" vid_target="61FFA4CF-4C96-F049-5A37-A395B4C9BD08">
<hideElementsInCurrentOnly>false</hideElementsInCurrentOnly>
<backgroundColor>-16777216</backgroundColor>
<lineWidth>1</lineWidth>
<points>
<point x="1238" y="673"/>
<point x="1238" y="574"/>
</points>
</Connector>
<Connector class="oracle.dbtools.crest.swingui.relational.TVFKRelation" oid="728927D0-FEF1-9E6D-DF14-95B7422B185F" otype="FKIndexAssociation" vid_source="BA748B06-1969-3CD0-BB21-E55AD16E20CD" vid_target="BA1D5A95-105E-6240-61D6-9898DCA9D7CC">
<hideElementsInCurrentOnly>false</hideElementsInCurrentOnly>
<backgroundColor>-16777216</backgroundColor>
<lineWidth>1</lineWidth>
<points>
<point x="268" y="130"/>
<point x="945" y="130"/>
</points>
</Connector>
<Connector class="oracle.dbtools.crest.swingui.relational.TVFKRelation" oid="8512ACF3-5254-6DA4-643A-E85D70D1C4DB" otype="FKIndexAssociation" vid_source="23E65A0C-C229-D507-9CDA-95AD05BB9749" vid_target="C4D48535-3719-3852-7B7A-E377128D146B">
<hideElementsInCurrentOnly>false</hideElementsInCurrentOnly>
<backgroundColor>-16777216</backgroundColor>
<lineWidth>1</lineWidth>
<points>
<point x="1173" y="735"/>
<point x="1101" y="735"/>
</points>
</Connector>
<Connector class="oracle.dbtools.crest.swingui.relational.TVFKRelation" oid="A2BEF0B3-C784-1C8E-8563-F2D15D588ACA" otype="FKIndexAssociation" vid_source="5AA32E0B-A019-87F5-8D65-DAA5855D4659" vid_target="4C4F6CC9-7EC9-D1CE-0053-EB567F4101AF">
<hideElementsInCurrentOnly>false</hideElementsInCurrentOnly>
<backgroundColor>-16777216</backgroundColor>
<lineWidth>1</lineWidth>
<points>
<point x="110" y="403"/>
<point x="110" y="342"/>
</points>
</Connector>
<Connector class="oracle.dbtools.crest.swingui.relational.TVFKRelation" oid="A7E7F41B-D380-1FF7-F987-393C2B3FFB36" otype="FKIndexAssociation" vid_source="A3E362C8-1275-CA63-0610-8B1914A16EA3" vid_target="C4D48535-3719-3852-7B7A-E377128D146B">
<hideElementsInCurrentOnly>false</hideElementsInCurrentOnly>
<backgroundColor>-16777216</backgroundColor>
<lineWidth>1</lineWidth>
<points>
<point x="889" y="574"/>
<point x="889" y="610"/>
</points>
</Connector>
<Connector class="oracle.dbtools.crest.swingui.relational.TVFKRelation" oid="AD664349-1555-61C1-551E-FA36E22BDD90" otype="FKIndexAssociation" vid_source="087FEFC5-93EA-5F91-A06A-AB484914B6A5" vid_target="A3E362C8-1275-CA63-0610-8B1914A16EA3">
<hideElementsInCurrentOnly>false</hideElementsInCurrentOnly>
<backgroundColor>-16777216</backgroundColor>
<lineWidth>1</lineWidth>
<points>
<point x="596" y="523"/>
<point x="668" y="523"/>
</points>
</Connector>
<Connector class="oracle.dbtools.crest.swingui.relational.TVFKRelation" oid="C1B61260-9514-69BF-30B5-0D4D24E4D678" otype="FKIndexAssociation" vid_source="B1121CEE-31B5-437F-26E0-A42A0F2853D0" vid_target="087FEFC5-93EA-5F91-A06A-AB484914B6A5">
<hideElementsInCurrentOnly>false</hideElementsInCurrentOnly>
<backgroundColor>-16777216</backgroundColor>
<lineWidth>1</lineWidth>
<points>
<point x="457" y="431"/>
<point x="457" y="473"/>
</points>
</Connector>
<Connector class="oracle.dbtools.crest.swingui.relational.TVFKRelation" oid="C4FA5B0F-53DA-E274-A226-9A7E3AE95DE9" otype="FKIndexAssociation" vid_source="A3E362C8-1275-CA63-0610-8B1914A16EA3" vid_target="991D2761-1332-003A-C631-3293C22601AC">
<hideElementsInCurrentOnly>false</hideElementsInCurrentOnly>
<backgroundColor>-16777216</backgroundColor>
<lineWidth>1</lineWidth>
<points>
<point x="801" y="358"/>
<point x="801" y="309"/>
</points>
</Connector>
<Connector class="oracle.dbtools.crest.swingui.relational.TVFKRelation" oid="CD1BDAC0-8394-0E08-AD59-DA2F505C86E0" otype="FKIndexAssociation" vid_source="5DD68B18-7AFA-395B-9A09-AF8046871EC4" vid_target="991D2761-1332-003A-C631-3293C22601AC">
<hideElementsInCurrentOnly>false</hideElementsInCurrentOnly>
<backgroundColor>-16777216</backgroundColor>
<lineWidth>1</lineWidth>
<points>
<point x="588" y="192"/>
<point x="668" y="192"/>
</points>
</Connector>
<Connector class="oracle.dbtools.crest.swingui.relational.TVFKRelation" oid="CD775D02-E7B8-17D4-4D94-C16A89BDBAF6" otype="FKIndexAssociation" vid_source="BA1D5A95-105E-6240-61D6-9898DCA9D7CC" vid_target="4123B8BA-5B98-52B6-ACFB-D450783F8EE4">
<hideElementsInCurrentOnly>false</hideElementsInCurrentOnly>
<backgroundColor>-16777216</backgroundColor>
<lineWidth>1</lineWidth>
<points>
<point x="1208" y="163"/>
<point x="1243" y="183"/>
</points>
</Connector>
<Connector class="oracle.dbtools.crest.swingui.relational.TVFKRelation" oid="D1929FD6-EC59-115F-938C-783F38FDF5C0" otype="FKIndexAssociation" vid_source="BA748B06-1969-3CD0-BB21-E55AD16E20CD" vid_target="A3E362C8-1275-CA63-0610-8B1914A16EA3">
<hideElementsInCurrentOnly>false</hideElementsInCurrentOnly>
<backgroundColor>-16777216</backgroundColor>
<lineWidth>1</lineWidth>
<points>
<point x="268" y="194"/>
<point x="668" y="394"/>
</points>
</Connector>
<Connector class="oracle.dbtools.crest.swingui.relational.TVFKRelation" oid="DD706382-7B80-EDD3-7BEB-8C60D1657E76" otype="FKIndexAssociation" vid_source="063C95CA-FEFF-3892-C9C8-FADF053B3725" vid_target="9C88AAC3-96E1-9A7B-912A-8D423E55BA0E">
<hideElementsInCurrentOnly>false</hideElementsInCurrentOnly>
<backgroundColor>-16777216</backgroundColor>
<lineWidth>1</lineWidth>
<points>
<point x="284" y="626"/>
<point x="284" y="674"/>
</points>
</Connector>
<Connector class="oracle.dbtools.crest.swingui.relational.TVFKRelation" oid="F1342B13-C6B0-C817-DBBC-3F4D33CF26E3" otype="FKIndexAssociation" vid_source="A3E362C8-1275-CA63-0610-8B1914A16EA3" vid_target="C6B3E6F1-667B-BA0E-7803-B35551F031E2">
<hideElementsInCurrentOnly>false</hideElementsInCurrentOnly>
<backgroundColor>-16777216</backgroundColor>
<lineWidth>1</lineWidth>
<points>
<point x="726" y="574"/>
<point x="726" y="660"/>
</points>
</Connector>
<Connector class="oracle.dbtools.crest.swingui.relational.TVFKRelation" oid="F5E41B4A-A674-1D26-E222-0D8B045AE149" otype="FKIndexAssociation" vid_source="EA4ACB2D-D02F-6D95-B130-F586B9655F60" vid_target="61FFA4CF-4C96-F049-5A37-A395B4C9BD08">
<hideElementsInCurrentOnly>false</hideElementsInCurrentOnly>
<backgroundColor>-16777216</backgroundColor>
<lineWidth>1</lineWidth>
<points>
<point x="1439" y="293"/>
<point x="1304" y="369"/>
</points>
</Connector>
<Connector class="oracle.dbtools.crest.swingui.relational.TVFKRelation" oid="F9B04C43-FD4B-FBD1-BEB7-089533168216" otype="FKIndexAssociation" vid_source="4C4F6CC9-7EC9-D1CE-0053-EB567F4101AF" vid_target="BA748B06-1969-3CD0-BB21-E55AD16E20CD">
<hideElementsInCurrentOnly>false</hideElementsInCurrentOnly>
<backgroundColor>-16777216</backgroundColor>
<lineWidth>1</lineWidth>
<points>
<point x="127" y="240"/>
<point x="127" y="202"/>
</points>
</Connector>
</connectors>
</Diagram>