<?xml version = '1.0' encoding = 'UTF-8'?>
<FKIndexAssociation class="oracle.dbtools.crest.model.design.relational.FKIndexAssociation" directorySegmentName="seg_0" id="A7E7F41B-D380-1FF7-F987-393C2B3FFB36" containerWithKeyObject="09535A06-3D4B-19A3-8B14-E10E7566AF2F" localFKIndex="CFDF9694-EE15-42C1-5433-6D94AE3934C8" name="Equipaje_Vuelo_FK">
<createdBy>juliz</createdBy>
<createdTime>2024-10-16 00:01:29 UTC</createdTime>
<generatorID>85E89D40-4B94-DE44-D66C-E2BAC5317FF0</generatorID>
<ownerDesignName>Modelos_proyecto_g7_v2</ownerDesignName>
<referredTableLongName>Vuelo</referredTableLongName>
<deleteRule>NO ACTION</deleteRule>
<referredTableID>8C766420-F514-5854-893C-E5E460FA5913</referredTableID>
<keyObject>E6E386A5-EF65-62E4-A2D5-8B89A4CD3624</keyObject>
<referredKeyID>E6E386A5-EF65-62E4-A2D5-8B89A4CD3624</referredKeyID>
<mandatory>true</mandatory>
<refColNames>id_vuelo</refColNames>
<transferable>true</transferable>
<rely>false</rely>
<columnDependencyConstraintGenerateInDDL>true</columnDependencyConstraintGenerateInDDL>
</FKIndexAssociation>