<?xml version = '1.0' encoding = 'UTF-8'?>
<FKIndexAssociation class="oracle.dbtools.crest.model.design.relational.FKIndexAssociation" directorySegmentName="seg_0" id="DD706382-7B80-EDD3-7BEB-8C60D1657E76" containerWithKeyObject="E9B76291-5906-E43A-A750-D0519FEEC35D" localFKIndex="C6AC50AD-5C6F-DBE9-1A4D-FF555BB3E269" name="PuertaEmbarque_Terminal_FK">
<createdBy>juliz</createdBy>
<createdTime>2024-10-16 00:01:29 UTC</createdTime>
<generatorID>08CF4CA2-A522-52B8-5A7B-F798AB09F556</generatorID>
<ownerDesignName>Modelos_proyecto_g7_v2</ownerDesignName>
<referredTableLongName>Terminal</referredTableLongName>
<deleteRule>NO ACTION</deleteRule>
<referredTableID>4D208A24-997B-2B8C-60AE-63C47F92153A</referredTableID>
<keyObject>6135462C-00A6-A240-8F83-63063DBD43B5</keyObject>
<referredKeyID>6135462C-00A6-A240-8F83-63063DBD43B5</referredKeyID>
<mandatory>true</mandatory>
<refColNames>id_terminal</refColNames>
<transferable>true</transferable>
<rely>false</rely>
<columnDependencyConstraintGenerateInDDL>true</columnDependencyConstraintGenerateInDDL>
</FKIndexAssociation>